NOMBRE,EDAD,VELOCIDAD,RESISTENCIA,FUERZA,REMATE,PASE,REGATE,MARCAJE,ENTRADAS,CABEZA,DECISIONES,COLOCACIÓN,PARADAS,VALOR,EQUIPO,POSICIÓN,POSLEN,POSRAP,GEGEN,COUNTER,BANDAS,CATEN,MAX,POSLENP,POSRAPP,GEGENP,COUNTERP,BANDASP,CATENP
Eden Hazard,28,16,17,11,15,15,20,3,4,7,17,7,1,82,REAL MADRID,EI,10444,10458,10397,10486,10437,10346,10486,1.00,1.00,0.99,1.00,1.00,0.99
Karim Benzema,31,15,14,14,16,18,16,7,9,14,16,10,1,63,REAL MADRID,DL,11856,11716,11497,11520,11419,11508,11856,1.00,0.99,0.97,0.97,0.96,0.97
Toni Kroos,29,11,13,14,13,20,14,8,9,7,17,12,1,62,REAL MADRID,MC,10693,10665,10536,10540,10611,10448,10693,1.00,1.00,0.99,0.99,0.99,0.98
Casemiro,27,13,19,17,10,14,12,13,14,13,14,16,1,52,REAL MADRID,PI,10571,10645,10783,10690,10602,10653,10783,0.98,0.99,1.00,0.99,0.98,0.99
Raphaël Varane,26,16,15,15,6,14,11,17,17,15,12,17,1,50,REAL MADRID,DC,11036,11026,11004,11001,11033,11006,11036,1.00,1.00,1.00,1.00,1.00,1.00
Thibaut Courtois,27,10,9,13,3,13,10,2,3,10,15,15,17,49,REAL MADRID,PO,11036,11014,10967,11007,11020,11021,11036,1.00,1.00,0.99,1.00,1.00,1.00
Dani Carvajal,27,14,18,12,8,13,12,14,15,10,11,12,1,47,REAL MADRID,LD,10301,10309,10411,10338,10307,10439,10439,0.99,0.99,1.00,0.99,0.99,1.00
Sergio Ramos,33,15,17,16,13,16,13,16,18,20,11,13,1,24,REAL MADRID,DC,11882,11878,11805,11815,12044,11883,12044,0.99,0.99,0.98,0.98,1.00,0.99
Ferland Mendy,24,16,14,15,5,13,13,13,12,9,12,13,1,19,REAL MADRID,LI,10115,10149,10148,10157,10144,10146,10157,1.00,1.00,1.00,1.00,1.00,1.00
Luka Modric,33,13,14,8,9,19,17,8,11,8,18,12,1,18,REAL MADRID,MC,10673,10597,10282,10512,10445,10276,10673,1.00,0.99,0.96,0.98,0.98,0.96
Rodrygo,18,14,12,12,14,14,15,5,6,10,14,5,1,6,REAL MADRID,ED,9424,9419,9322,9405,9487,9422,9487,0.99,0.99,0.98,0.99,1.00,0.99
Antoine Griezmann,28,14,13,10,18,15,17,5,11,15,15,10,1,75,FC BARCELONA,EI,11238,11178,11165,11172,11250,11217,11250,1.00,0.99,0.99,0.99,1.00,1.00
Lionel Messi,32,15,13,9,20,20,20,4,7,10,20,5,1,73,FC BARCELONA,ED,11164,11016,10762,10895,11074,10832,11164,1.00,0.99,0.96,0.98,0.99,0.97
Gerard Piqué,32,13,15,15,10,16,13,16,15,16,17,18,1,31,FC BARCELONA,DC,11791,11701,11581,11580,11704,11550,11791,1.00,0.99,0.98,0.98,0.99,0.98
Luis Suárez,32,14,15,13,18,16,15,8,10,14,15,10,1,54,FC BARCELONA,DL,11658,11557,11465,11420,11305,11393,11658,1.00,0.99,0.98,0.98,0.97,0.98
Nélson Semedo,25,16,15,13,11,12,14,11,14,7,11,13,1,30,FC BARCELONA,LD,10271,10329,10347,10350,10289,10185,10350,0.99,1.00,1.00,1.00,0.99,0.98
Frenkie de Jong,22,13,13,9,7,16,16,10,12,10,16,14,1,52,FC BARCELONA,MC,10385,10324,10102,10295,10257,10158,10385,1.00,0.99,0.97,0.99,0.99,0.98
Sergio Busquets,30,11,15,13,9,17,12,15,15,11,18,17,1,49,FC BARCELONA,PI,10694,10593,10435,10492,10539,10498,10694,1.00,0.99,0.98,0.98,0.99,0.98
Marc-André ter Stegen,27,11,13,15,2,17,3,1,3,7,13,12,18,49,FC BARCELONA,PO,11540,11493,11399,11382,11430,11374,11540,1.00,1.00,0.99,0.99,0.99,0.99
Clément Lenglet,24,15,15,15,8,14,11,15,16,15,15,15,1,41,FC BARCELONA,DC,11004,11005,10939,10958,11011,10942,11011,1.00,1.00,0.99,1.00,1.00,0.99
Arthur,22,13,12,10,10,18,15,10,12,7,15,13,1,45,FC BARCELONA,MC,10401,10318,10147,10270,10295,10172,10401,1.00,0.99,0.98,0.99,0.99,0.98
Jordi Alba,30,15,16,9,13,13,13,12,14,5,15,12,1,43,FC BARCELONA,LI,10376,10375,10373,10381,10248,10123,10381,1.00,1.00,1.00,1.00,0.99,0.98
Koke,27,13,15,12,12,16,13,13,14,9,15,15,1,54,AT MADRID,II,11901,11883,11947,11813,11762,11861,11947,1.00,0.99,1.00,0.99,0.98,0.99
José Giménez,24,13,15,15,7,12,11,15,16,16,15,16,1,50,AT MADRID,DC,10774,10771,10762,10766,10803,10766,10803,1.00,1.00,1.00,1.00,1.00,1.00
Jan Oblak,26,13,13,13,2,16,1,2,3,2,17,16,18,50,AT MADRID,PO,12173,12152,12080,12082,12087,12048,12173,1.00,1.00,0.99,0.99,0.99,0.99
Álvaro Morata,26,17,14,12,13,14,14,7,10,18,12,9,1,47,AT MADRID,DL,10718,10619,10631,10727,10896,10633,10896,0.98,0.97,0.98,0.98,1.00,0.98
Saúl,24,14,14,12,13,16,15,13,14,15,15,15,1,45,AT MADRID,MC,11573,11547,11475,11567,11653,11631,11653,0.99,0.99,0.98,0.99,1.00,1.00
Ángel Correa,24,14,12,10,13,16,16,5,6,8,13,8,1,40,AT MADRID,ID,9990,9929,9736,9861,9979,9753,9990,1.00,0.99,0.97,0.99,1.00,0.98
Diego Costa,30,15,13,16,15,12,12,5,9,15,15,6,1,39,AT MADRID,DL,10060,10213,10072,10227,10358,10326,10358,0.97,0.99,0.97,0.99,1.00,1.00
Kieran Trippier,28,13,17,12,8,13,11,13,15,9,12,13,1,15,AT MADRID,LD,10152,10139,10213,10145,10097,10219,10219,0.99,0.99,1.00,0.99,0.99,1.00
Renan Lodi,21,14,14,12,12,16,16,14,12,11,12,11,1,15,AT MADRID,LI,10822,10762,10656,10692,10822,10701,10822,1.00,0.99,0.98,0.99,1.00,0.99
Thomas Partey,26,15,16,15,11,13,11,13,14,15,15,14,1,29,AT MADRID,MC,11060,11192,11298,11325,11259,11372,11372,0.97,0.98,0.99,1.00,0.99,1.00
Stefan Savic,28,14,15,15,9,12,9,16,14,14,14,15,1,27,AT MADRID,DC,10490,10502,10539,10522,10518,10506,10539,1.00,1.00,1.00,1.00,1.00,1.00
Tomas Vaclik,30,9,12,13,3,12,5,2,9,2,13,13,15,23,SEVILLA,PO,10021,9999,10026,9990,10016,10008,10026,1.00,1.00,1.00,1.00,1.00,1.00
Éver Banega,31,12,14,10,12,16,16,11,13,6,13,11,1,22,SEVILLA,MC,10169,10133,10084,10106,10123,10056,10169,1.00,1.00,0.99,0.99,1.00,0.99
Diego Carlos,26,13,15,17,7,12,7,15,15,14,14,14,1,20,SEVILLA,DC,10220,10244,10283,10271,10229,10299,10299,0.99,0.99,1.00,1.00,0.99,1.00
Joan Jordán,24,12,14,12,10,15,12,10,12,9,15,12,1,17,SEVILLA,MC,9996,10020,9993,10026,9991,9986,10026,1.00,1.00,1.00,1.00,1.00,1.00
Sergio Reguilón,22,15,16,12,10,13,13,11,14,10,14,14,1,16,SEVILLA,LI,10700,10717,10730,10713,10678,10651,10730,1.00,1.00,1.00,1.00,1.00,0.99
Lucas Ocampos,24,16,15,13,13,12,15,5,7,13,11,7,1,12,SEVILLA,ED,9885,9961,10022,10046,10049,10106,10106,0.98,0.99,0.99,0.99,0.99,1.00
Luuk de Jong,28,11,15,14,14,11,9,5,4,17,13,5,1,12,SEVILLA,DL,9035,9088,9155,8954,9309,9195,9309,0.97,0.98,0.98,0.96,1.00,0.99
Jesús Navas,33,16,17,8,9,11,14,10,11,5,13,14,1,11,SEVILLA,LD,9725,9769,9872,9820,9612,9486,9872,0.99,0.99,1.00,0.99,0.97,0.96
Jules Koundé,20,14,14,13,7,13,10,14,15,14,12,13,1,10,SEVILLA,DC,9888,9890,9841,9852,9902,9845,9902,1.00,1.00,0.99,0.99,1.00,0.99
Fernando,31,13,14,14,7,13,10,13,15,13,16,17,1,8,SEVILLA,PI,9915,9938,9878,9969,9916,9917,9969,0.99,1.00,0.99,1.00,0.99,0.99
Nolito,32,12,14,10,14,13,15,4,10,9,15,10,1,6,SEVILLA,EI,10068,10059,10094,10059,9997,10054,10094,1.00,1.00,1.00,1.00,0.99,1.00
Karl Toko Ekambi,26,16,16,14,15,11,12,5,7,15,13,9,1,11,VILLARREAL,DL,10336,10383,10605,10537,10520,10481,10605,0.97,0.98,1.00,0.99,0.99,0.99
Gerard Moreno,27,13,14,12,16,14,13,5,6,13,14,8,1,23,VILLARREAL,ED,10011,9999,10037,9999,10020,10031,10037,1.00,1.00,1.00,1.00,1.00,1.00
Sergio Asenjo,30,10,12,15,1,11,2,3,1,5,14,12,17,18,VILLARREAL,PO,10792,10787,10840,10826,10837,10873,10873,0.99,0.99,1.00,1.00,1.00,1.00
Mario Gaspar,28,14,14,12,9,12,12,15,16,7,14,14,1,15,VILLARREAL,LD,10380,10351,10361,10386,10326,10371,10386,1.00,1.00,1.00,1.00,0.99,1.00
André-Franck Zambo Anguissa,23,15,17,16,8,13,13,14,15,13,12,14,1,14,VILLARREAL,PI,10156,10263,10339,10365,10273,10313,10365,0.98,0.99,1.00,1.00,0.99,0.99
Pau Torres,22,13,16,16,5,13,9,15,14,15,13,15,1,12,VILLARREAL,DC,10279,10280,10320,10274,10223,10274,10320,1.00,1.00,1.00,1.00,0.99,1.00
Vicente Iborra,31,10,15,16,12,14,7,15,15,15,13,17,1,11,VILLARREAL,PI,10085,10035,10195,10032,10136,10137,10195,0.99,0.98,1.00,0.98,0.99,0.99
Moi Gómez,24,11,13,11,12,15,12,7,8,8,13,11,1,10,VILLARREAL,II,9925,9883,9838,9799,9810,9762,9925,1.00,1.00,0.99,0.99,0.99,0.98
Raúl Albiol,33,14,13,15,9,12,8,16,14,13,14,15,1,6,VILLARREAL,DC,10241,10239,10230,10248,10271,10255,10271,1.00,1.00,1.00,1.00,1.00,1.00
Xavi Quintillà,22,14,14,9,6,15,10,13,15,11,13,13,1,4,VILLARREAL,LI,10008,9931,9874,9876,9941,9982,10008,1.00,0.99,0.99,0.99,0.99,1.00
Santi Cazorla,34,11,12,9,12,17,15,8,9,4,15,9,1,2,VILLARREAL,MP,9393,9422,9106,9138,8643,8971,9422,1.00,1.00,0.97,0.97,0.92,0.95
Mikel Oyarzábal,22,14,14,14,14,15,15,13,12,12,15,13,1,40,REAL SOCIEDAD,MP,11329,11232,11261,11265,11271,11318,11329,1.00,0.99,0.99,0.99,0.99,1.00
Martin Ødegaard,20,14,15,12,6,16,16,9,8,7,16,10,1,27,REAL SOCIEDAD,MP,9748,9729,9714,9654,9336,9571,9748,1.00,1.00,1.00,0.99,0.96,0.98
Willian José,27,12,13,17,15,14,15,5,8,16,13,13,1,26,REAL SOCIEDAD,DL,11336,10959,11154,10961,11101,11186,11336,1.00,0.97,0.98,0.97,0.98,0.99
Mikel Merino,23,13,15,14,13,15,14,13,13,13,14,14,1,24,REAL SOCIEDAD,PI,10432,10446,10396,10434,10486,10472,10486,0.99,1.00,0.99,1.00,1.00,1.00
Igor Zubeldia,22,12,16,14,12,14,12,14,14,13,13,15,1,22,REAL SOCIEDAD,PI,10214,10209,10266,10218,10248,10261,10266,0.99,0.99,1.00,1.00,1.00,1.00
Portu,27,13,15,11,14,14,12,9,11,8,14,8,1,21,REAL SOCIEDAD,MP,9692,9852,9791,9786,9571,9677,9852,0.98,1.00,0.99,0.99,0.97,0.98
Diego Llorente,25,13,14,13,6,13,9,15,16,14,15,16,1,20,REAL SOCIEDAD,DC,10294,10253,10214,10225,10209,10197,10294,1.00,1.00,0.99,0.99,0.99,0.99
Aritz Elustondo,25,14,14,13,11,13,10,14,14,15,14,14,1,14,REAL SOCIEDAD,DC,10422,10417,10367,10386,10471,10357,10471,1.00,0.99,0.99,0.99,1.00,0.99
Joseba Zaldua,27,14,16,14,6,13,12,14,14,14,14,14,1,11,REAL SOCIEDAD,LD,10794,10790,10835,10805,10852,11019,11019,0.98,0.98,0.98,0.98,0.98,1.00
Álex Remiro,24,13,8,10,1,12,1,1,2,1,13,14,15,9,REAL SOCIEDAD,PO,9922,9935,9837,9910,9876,9868,9935,1.00,1.00,0.99,1.00,0.99,0.99
Nacho Monreal,33,14,16,12,7,12,12,15,16,15,15,15,1,7,REAL SOCIEDAD,LI,11043,11020,11084,11068,11119,11314,11314,0.98,0.97,0.98,0.98,0.98,1.00
Yangel Herrera,21,13,15,13,7,13,11,11,12,12,13,9,1,14,GRANADA,PI,8800,8915,8836,8965,8866,8880,8965,0.98,0.99,0.99,1.00,0.99,0.99
Domingos Duarte,24,13,15,15,9,11,9,15,14,14,13,15,1,12,GRANADA,DC,10194,10214,10276,10244,10248,10237,10276,0.99,0.99,1.00,1.00,1.00,1.00
Maxime Gonalons,30,12,17,15,5,14,10,15,15,15,14,15,1,10,GRANADA,PI,9908,9924,9935,9950,9888,9914,9950,1.00,1.00,1.00,1.00,0.99,1.00
Darwin Machís,26,16,13,10,13,10,14,4,4,10,10,7,1,6,GRANADA,EI,8723,8786,8860,8914,8887,8865,8914,0.98,0.99,0.99,1.00,1.00,0.99
Antonio Puertas,27,13,12,11,13,12,13,6,5,11,13,10,1,5,GRANADA,ED,9553,9568,9631,9589,9571,9580,9631,0.99,0.99,1.00,1.00,0.99,0.99
Carlos Fernández,23,13,14,13,14,13,11,6,7,14,13,6,1,3,GRANADA,MP,9477,9608,9523,9536,9884,9658,9884,0.96,0.97,0.96,0.96,1.00,0.98
Víctor Díaz,31,12,15,13,7,12,12,13,12,14,14,13,1,3,GRANADA,LD,10219,10203,10244,10212,10271,10424,10424,0.98,0.98,0.98,0.98,0.99,1.00
Rui Silva,25,11,13,11,3,8,2,1,1,8,12,13,15,3,GRANADA,PO,9659,9690,9805,9769,9726,9787,9805,0.99,0.99,1.00,1.00,0.99,1.00
Germán,32,12,14,14,7,10,5,13,13,15,14,14,1,2,GRANADA,DC,9353,9381,9465,9462,9363,9449,9465,0.99,0.99,1.00,1.00,0.99,1.00
Roberto Soldado,34,12,8,11,15,13,10,6,8,11,15,10,1,1,GRANADA,DL,9540,9405,9152,9337,9182,9381,9540,1.00,0.99,0.96,0.98,0.96,0.98
Carlos Neva,23,13,13,8,8,11,13,10,11,9,13,13,1,1,GRANADA,LI,9223,9205,9198,9207,9188,9113,9223,1.00,1.00,1.00,1.00,1.00,0.99
Leandro Cabrera,28,14,14,16,4,8,6,15,15,13,12,15,1,11,GETAFE,DC,9386,9472,9616,9605,9477,9626,9626,0.98,0.98,1.00,1.00,0.98,1.00
Djene Dakonam,27,14,15,14,5,9,9,15,15,9,14,14,1,23,GETAFE,DC,9467,9537,9627,9588,9474,9530,9627,0.98,0.99,1.00,1.00,0.98,0.99
Jaime Mata,30,13,14,14,16,12,13,6,8,14,13,7,1,12,GETAFE,DL,10009,10060,10038,10016,10077,10066,10077,0.99,1.00,1.00,0.99,1.00,1.00
Marc Cucurella,20,13,14,11,8,13,11,12,14,6,15,15,1,12,GETAFE,II,10757,10801,10896,10778,10632,10800,10896,0.99,0.99,1.00,0.99,0.98,0.99
Mauro Arambarri,23,13,16,13,10,13,12,13,15,8,12,14,1,9,GETAFE,PI,9628,9661,9749,9715,9646,9673,9749,0.99,0.99,1.00,1.00,0.99,0.99
Jason,24,14,13,9,13,13,14,6,7,8,12,7,1,12,GETAFE,ID,9403,9384,9335,9413,9447,9346,9447,1.00,0.99,0.99,1.00,1.00,0.99
Nemanja Maksimovic,24,14,14,14,11,14,12,11,10,12,13,13,1,10,GETAFE,MC,10246,10344,10417,10430,10392,10394,10430,0.98,0.99,1.00,1.00,1.00,1.00
David Soria,26,9,11,15,2,8,3,1,3,4,16,15,15,10,GETAFE,PO,10287,10299,10444,10426,10434,10495,10495,0.98,0.98,1.00,0.99,0.99,1.00
Damián Suárez,31,11,16,10,7,12,12,12,13,7,12,13,1,5,GETAFE,LD,9376,9334,9404,9335,9257,9343,9404,1.00,0.99,1.00,0.99,0.98,0.99
Mathías Olivera,21,13,13,12,11,10,11,12,14,11,13,14,1,1,GETAFE,LI,10011,10019,10054,10062,10067,10116,10116,0.99,0.99,0.99,0.99,1.00,1.00
Jorge Molina,37,11,13,15,16,11,8,5,6,16,15,13,1,1,GETAFE,DL,10408,10119,10425,10183,10279,10471,10471,0.99,0.97,1.00,0.97,0.98,1.00
Dani Parejo,30,12,15,13,13,18,13,9,13,8,15,14,1,41,VALENCIA,MC,10912,10859,10893,10824,10835,10787,10912,1.00,1.00,1.00,0.99,0.99,0.99
Rodrigo,28,17,14,12,13,14,15,6,9,13,13,9,1,35,VALENCIA,DL,10539,10530,10495,10601,10444,10404,10601,0.99,0.99,0.99,1.00,0.99,0.98
Ferran Torres,19,15,12,11,14,13,15,6,7,11,12,9,1,11,VALENCIA,ID,10140,10133,10051,10177,10254,10093,10254,0.99,0.99,0.98,0.99,1.00,0.98
Maxi Gómez,22,13,14,17,16,11,12,11,10,18,14,5,1,29,VALENCIA,DL,10297,10428,10367,10415,10807,10667,10807,0.95,0.96,0.96,0.96,1.00,0.99
José Gayà,24,16,15,8,8,15,14,12,14,5,15,13,1,28,VALENCIA,LI,10273,10230,10152,10188,10100,9936,10273,1.00,1.00,0.99,0.99,0.98,0.97
Ezequiel Garay,32,12,15,13,10,14,8,14,14,15,14,17,1,9,VALENCIA,DC,10459,10394,10391,10353,10351,10305,10459,1.00,0.99,0.99,0.99,0.99,0.99
Gabriel Paulista,28,15,15,15,8,12,10,15,16,15,11,15,1,23,VALENCIA,DC,10440,10475,10501,10490,10532,10504,10532,0.99,0.99,1.00,1.00,1.00,1.00
Geoffrey Kondogbia,26,14,16,16,12,15,15,12,16,14,12,14,1,22,VALENCIA,PI,10657,10713,10738,10739,10788,10787,10788,0.99,0.99,1.00,1.00,1.00,1.00
Jasper Cillessen,30,11,10,11,3,10,1,1,3,4,13,14,15,20,VALENCIA,PO,9847,9860,9876,9894,9869,9895,9895,1.00,1.00,1.00,1.00,1.00,1.00
Carlos Soler,22,14,14,12,13,15,13,10,10,10,13,12,1,20,VALENCIA,II,11013,11002,11016,10978,10988,10979,11016,1.00,1.00,1.00,1.00,1.00,1.00
Daniel Wass,30,13,13,11,11,14,13,10,13,10,14,10,1,18,VALENCIA,LD,9958,9942,9815,9872,9953,9845,9958,1.00,1.00,0.99,0.99,1.00,0.99
Ezequiel Ávila,25,15,16,11,15,13,13,7,5,7,10,6,1,17,OSASUNA,DL,9343,9535,9582,9488,9104,9154,9582,0.98,1.00,1.00,0.99,0.95,0.96
Rubén García,25,13,12,11,13,15,15,5,9,9,12,6,1,13,OSASUNA,II,9662,9619,9439,9566,9697,9539,9697,1.00,0.99,0.97,0.99,1.00,0.98
Roberto Torres,30,12,13,11,11,16,11,7,7,7,14,11,1,10,OSASUNA,ID,9936,9895,9826,9787,9794,9737,9936,1.00,1.00,0.99,0.99,0.99,0.98
Pervis Estupiñán,21,14,18,12,6,8,11,10,11,9,9,9,1,7,OSASUNA,LI,8584,8730,8948,8845,8716,8861,8948,0.96,0.98,1.00,0.99,0.97,0.99
Darko Brasanac,27,12,15,11,9,14,10,11,13,13,12,14,1,6,OSASUNA,MC,9921,9894,9993,9958,9926,10000,10000,0.99,0.99,1.00,1.00,0.99,1.00
Nacho Vidal,24,14,15,11,8,11,12,11,13,9,11,12,1,4,OSASUNA,LD,9475,9510,9567,9541,9505,9523,9567,0.99,0.99,1.00,1.00,0.99,1.00
Adrián,31,13,12,11,13,12,15,5,5,12,13,7,1,4,OSASUNA,DL,9319,9343,9182,9241,9151,9178,9343,1.00,1.00,0.98,0.99,0.98,0.98
David García,25,12,14,14,6,11,10,14,14,15,13,14,1,2,OSASUNA,DC,9761,9765,9773,9769,9796,9777,9796,1.00,1.00,1.00,1.00,1.00,1.00
Aridane,30,12,14,15,8,9,8,14,13,14,12,13,1,2,OSASUNA,DC,9388,9440,9528,9509,9509,9532,9532,0.98,0.99,1.00,1.00,1.00,1.00
Oier,33,11,15,12,5,12,7,12,15,13,12,12,1,2,OSASUNA,MC,9117,9144,9265,9234,9171,9347,9347,0.98,0.98,0.99,0.99,0.98,1.00
Rubén,35,10,12,12,1,16,1,3,3,1,13,13,14,1,OSASUNA,PO,9948,9899,9805,9771,9822,9731,9948,1.00,1.00,0.99,0.98,0.99,0.98
Iñaki Williams,25,19,14,12,14,10,13,5,7,13,12,5,1,40,ATHLETIC,DL,9337,9679,9607,9880,9780,9590,9880,0.95,0.98,0.97,1.00,0.99,0.97
Iker Muniain,26,15,14,8,11,15,16,4,8,4,11,9,1,40,ATHLETIC,ED,9446,9433,9425,9397,9373,9361,9446,1.00,1.00,1.00,0.99,0.99,0.99
Iñigo Martínez,28,13,13,15,8,15,9,15,16,14,13,17,1,32,ATHLETIC,DC,10631,10557,10461,10471,10552,10494,10631,1.00,0.99,0.98,0.98,0.99,0.99
Yuri,29,15,14,15,8,12,12,12,15,13,13,14,1,22,ATHLETIC,LI,10649,10686,10686,10702,10762,10831,10831,0.98,0.99,0.99,0.99,0.99,1.00
Dani García,29,13,15,14,8,13,11,14,15,13,15,16,1,22,ATHLETIC,MC,10762,10794,10876,10869,10844,10960,10960,0.98,0.98,0.99,0.99,0.99,1.00
Yeray,24,14,14,14,7,13,9,15,15,15,13,15,1,20,ATHLETIC,DC,10273,10262,10238,10249,10269,10249,10273,1.00,1.00,1.00,1.00,1.00,1.00
Raúl García,32,12,15,14,14,14,11,11,12,16,15,15,1,15,ATHLETIC,MP,11281,11000,11263,11065,11375,11341,11375,0.99,0.97,0.99,0.97,1.00,1.00
Iñigo Córdoba,22,14,13,11,12,12,14,5,7,8,13,9,1,14,ATHLETIC,EI,9478,9514,9553,9550,9497,9531,9553,0.99,1.00,1.00,1.00,0.99,1.00
Ander Capa,27,14,15,13,10,12,13,11,13,8,13,13,1,13,ATHLETIC,LD,10155,10184,10201,10190,10134,10103,10201,1.00,1.00,1.00,1.00,0.99,0.99
Unai Simón,22,15,7,11,2,13,1,3,1,1,13,13,14,11,ATHLETIC,PO,9675,9698,9538,9641,9612,9572,9698,1.00,1.00,0.98,0.99,0.99,0.99
Unai López,23,12,12,10,12,15,14,5,7,7,13,7,1,10,ATHLETIC,MP,8912,9010,8753,8819,8621,8702,9010,0.99,1.00,0.97,0.98,0.96,0.97
José Campaña,26,12,14,10,10,16,12,9,13,10,15,13,1,22,LEVANTE,MC,10149,10095,10028,10088,10059,10039,10149,1.00,0.99,0.99,0.99,0.99,0.99
José Morales,31,16,15,9,13,12,15,6,8,8,12,9,1,15,LEVANTE,DL,9746,9822,9896,9918,9411,9540,9918,0.98,0.99,1.00,1.00,0.95,0.96
Rúben Vezo,25,14,15,11,6,12,10,14,14,14,13,14,1,14,LEVANTE,DC,9727,9732,9743,9726,9690,9656,9743,1.00,1.00,1.00,1.00,0.99,0.99
Roger Martí,28,13,14,12,16,13,11,6,8,13,14,7,1,13,LEVANTE,DL,9862,9918,9836,9819,9778,9820,9918,0.99,1.00,0.99,0.99,0.99,0.99
Nemanja Radoja,26,11,14,13,10,14,10,13,12,12,13,17,1,12,LEVANTE,MC,10311,10261,10404,10285,10327,10397,10404,0.99,0.99,1.00,0.99,0.99,1.00
Rubén Rochina,28,13,12,10,13,15,15,6,8,12,12,9,1,12,LEVANTE,ID,10142,10088,9963,10035,10168,10012,10168,1.00,0.99,0.98,0.99,1.00,0.98
Enis Bardhi,23,12,13,8,12,15,15,8,10,8,14,8,1,12,LEVANTE,II,9956,9891,9803,9822,9881,9814,9956,1.00,0.99,0.98,0.99,0.99,0.99
Aitor Fernández,28,11,12,10,1,11,2,1,1,9,13,12,15,8,LEVANTE,PO,9758,9763,9766,9748,9724,9732,9766,1.00,1.00,1.00,1.00,1.00,1.00
Carlos Clerc,27,14,14,12,7,12,11,13,13,11,14,13,1,7,LEVANTE,LI,10036,10032,10047,10048,10052,10124,10124,0.99,0.99,0.99,0.99,0.99,1.00
Sergio Postigo,30,12,14,15,5,11,5,15,14,15,14,14,1,6,LEVANTE,DC,9563,9567,9633,9636,9532,9658,9658,0.99,0.99,1.00,1.00,0.99,1.00
Jorge Miramón,30,13,14,10,7,14,13,10,12,9,14,14,1,5,LEVANTE,LD,9897,9847,9788,9784,9784,9718,9897,1.00,0.99,0.99,0.99,0.99,0.98
Sandro,23,15,13,10,15,10,14,4,6,13,11,7,1,24,VALLADOLID,DL,9189,9307,9283,9387,9302,9187,9387,0.98,0.99,0.99,1.00,0.99,0.98
Sergi Guardiola,28,14,12,14,15,13,13,3,4,14,13,9,1,10,VALLADOLID,DL,10000,9926,9875,9881,9915,9910,10000,1.00,0.99,0.99,0.99,0.99,0.99
Nacho,30,14,16,11,9,12,11,12,13,7,13,13,1,8,VALLADOLID,LI,9870,9880,9949,9902,9787,9810,9949,0.99,0.99,1.00,1.00,0.98,0.99
Jordi Masip,30,12,12,9,2,15,1,2,2,6,14,10,15,5,VALLADOLID,PO,9926,9904,9771,9762,9755,9695,9926,1.00,1.00,0.98,0.98,0.98,0.98
Fede San Emeterio,22,12,14,12,8,12,9,14,16,13,12,14,1,3,VALLADOLID,PI,9207,9210,9241,9268,9258,9273,9273,0.99,0.99,1.00,1.00,1.00,1.00
Kiko Olivas,30,13,13,15,4,9,6,15,14,15,13,14,1,2,VALLADOLID,DC,9326,9372,9455,9480,9396,9515,9515,0.98,0.98,0.99,1.00,0.99,1.00
Míchel,30,12,11,9,12,15,12,5,5,8,14,7,1,2,VALLADOLID,MC,8492,8575,8391,8567,8504,8350,8575,0.99,1.00,0.98,1.00,0.99,0.97
Toni Villa,24,14,11,7,13,14,14,4,4,5,11,7,1,2,VALLADOLID,II,8684,8616,8492,8600,8672,8444,8684,1.00,0.99,0.98,0.99,1.00,0.97
Óscar Plano,28,14,10,12,13,10,13,7,7,12,11,8,1,1,VALLADOLID,ID,9328,9361,9309,9457,9526,9410,9526,0.98,0.98,0.98,0.99,1.00,0.99
Mohammed Salisu,20,14,7,9,6,10,3,14,14,14,14,13,1,1,VALLADOLID,DC,8442,8417,8317,8486,8483,8502,8502,0.99,0.99,0.98,1.00,1.00,1.00
Javi Moyano,33,13,14,12,7,11,12,13,14,7,14,13,1,1,VALLADOLID,LD,9717,9715,9738,9749,9673,9732,9749,1.00,1.00,1.00,1.00,0.99,1.00
Nabil Fekir,25,15,14,14,15,16,16,5,5,6,15,8,1,38,BETIS,ED,10324,10323,10246,10287,10289,10210,10324,1.00,1.00,0.99,1.00,1.00,0.99
Sergio Canales,28,12,12,10,13,17,16,5,7,8,15,10,1,26,BETIS,MP,9955,9917,9618,9662,9425,9578,9955,1.00,1.00,0.97,0.97,0.95,0.96
Borja Iglesias,26,15,13,16,15,12,13,7,8,14,14,9,1,21,BETIS,DL,10535,10537,10561,10620,10631,10673,10673,0.99,0.99,0.99,1.00,1.00,1.00
Aïssa Mandi,27,14,13,14,5,16,11,15,15,14,13,12,1,13,BETIS,DC,10152,10104,9932,9979,10084,10006,10152,1.00,1.00,0.98,0.98,0.99,0.99
Emerson,20,14,15,13,12,12,13,11,12,10,13,10,1,9,BETIS,LD,10107,10159,10160,10166,10168,10127,10168,0.99,1.00,1.00,1.00,1.00,1.00
Andrés Guardado,32,13,12,9,10,16,12,9,10,6,13,11,1,8,BETIS,MC,9302,9278,9202,9296,9239,9166,9302,1.00,1.00,0.99,1.00,0.99,0.99
Àlex Moreno,26,15,13,12,10,12,16,5,7,7,11,10,1,7,BETIS,LI,9030,9125,9049,9075,9050,8745,9125,0.99,1.00,0.99,0.99,0.99,0.96
Joel Robles,29,8,10,14,2,13,1,2,2,2,10,11,15,5,BETIS,PO,9557,9517,9483,9474,9526,9500,9557,1.00,1.00,0.99,0.99,1.00,0.99
Zouhair Feddal,30,13,14,14,7,11,9,14,14,13,13,14,1,5,BETIS,DC,9702,9722,9742,9731,9727,9717,9742,1.00,1.00,1.00,1.00,1.00,1.00
Joaquín,37,14,11,10,12,16,16,6,8,8,14,7,1,1,BETIS,II,9979,9919,9682,9836,9978,9765,9979,1.00,0.99,0.97,0.99,1.00,0.98
Édgar,22,12,5,10,2,8,2,14,12,14,14,14,1,1,BETIS,PI,7108,7122,6943,7226,7214,7168,7226,0.98,0.99,0.96,1.00,1.00,0.99
Aleix Vidal,29,14,13,9,10,13,13,11,13,7,13,11,1,13,ALAVÉS,ID,10234,10241,10275,10243,10206,10267,10275,1.00,1.00,1.00,1.00,0.99,1.00
Fernando Pacheco,27,12,10,14,1,13,1,3,1,8,12,13,16,12,ALAVÉS,PO,10441,10437,10383,10417,10426,10412,10441,1.00,1.00,0.99,1.00,1.00,1.00
Lucas,30,14,13,13,15,13,14,5,7,8,13,6,1,12,ALAVÉS,DL,9506,9679,9498,9583,9292,9434,9679,0.98,1.00,0.98,0.99,0.96,0.97
Víctor Camarasa,25,13,15,13,11,15,13,11,12,11,14,11,1,8,ALAVÉS,MC,10330,10404,10409,10442,10416,10418,10442,0.99,1.00,1.00,1.00,1.00,1.00
Víctor Laguardia,29,12,14,14,6,10,8,15,14,12,15,12,1,6,ALAVÉS,DC,9403,9431,9465,9468,9418,9461,9468,0.99,1.00,1.00,1.00,0.99,1.00
Joselu,29,10,13,15,13,12,11,7,10,15,13,7,1,6,ALAVÉS,DL,9536,9437,9472,9356,9615,9631,9631,0.99,0.98,0.98,0.97,1.00,1.00
Rodrigo Ely,25,13,13,13,4,13,6,14,14,13,13,14,1,6,ALAVÉS,DC,9303,9276,9252,9262,9184,9249,9303,1.00,1.00,0.99,1.00,0.99,0.99
Rubén Duarte,23,14,14,11,7,13,9,13,14,9,13,15,1,4,ALAVÉS,LI,9972,9928,9951,9921,9880,9946,9972,1.00,1.00,1.00,0.99,0.99,1.00
Luis Rioja,25,18,14,9,12,11,14,8,9,6,13,12,1,3,ALAVÉS,II,10358,10414,10500,10559,10440,10421,10559,0.98,0.99,0.99,1.00,0.99,0.99
Ximo Navarro,29,13,14,11,9,11,11,13,14,12,12,12,1,3,ALAVÉS,LD,9791,9789,9828,9823,9869,9964,9964,0.98,0.98,0.99,0.99,0.99,1.00
Manu García,33,12,12,13,12,13,11,12,12,11,13,13,1,1,ALAVÉS,MC,9875,9911,9961,9952,10021,10049,10049,0.98,0.99,0.99,0.99,1.00,1.00
Gonzalo Escalante,26,13,14,12,10,13,11,12,15,13,16,16,1,12,EIBAR,PI,9986,10001,9916,10023,9992,9993,10023,1.00,1.00,0.99,1.00,1.00,1.00
Paulo Oliveira,27,14,14,13,7,9,7,14,15,12,14,15,1,11,EIBAR,DC,9543,9598,9683,9680,9584,9631,9683,0.99,0.99,1.00,1.00,0.99,0.99
Takashi Inui,31,14,13,5,12,15,16,5,7,10,12,6,1,11,EIBAR,II,9376,9296,9181,9256,9384,9221,9384,1.00,0.99,0.98,0.99,1.00,0.98
Pedro Bigas,29,13,14,14,9,10,9,14,14,14,13,14,1,9,EIBAR,DC,9826,9863,9907,9903,9927,9897,9927,0.99,0.99,1.00,1.00,1.00,1.00
Sergi Enrich,29,15,15,13,15,12,13,4,6,13,13,13,1,8,EIBAR,DL,10751,10567,10881,10717,10496,10629,10881,0.99,0.97,1.00,0.98,0.96,0.98
Marko Dmitrovic,27,10,12,11,5,3,8,8,8,9,14,14,15,7,EIBAR,PO,9497,9562,9807,9780,9703,9851,9851,0.96,0.97,1.00,0.99,0.98,1.00
Kike,29,13,14,15,15,12,12,4,8,14,9,9,1,5,EIBAR,DL,9799,9674,9920,9763,9904,9797,9920,0.99,0.98,1.00,0.98,1.00,0.99
Pedro León,32,11,10,9,11,16,16,5,6,7,14,7,1,4,EIBAR,ID,9278,9188,8912,9044,9197,8953,9278,1.00,0.99,0.96,0.97,0.99,0.96
Edu Expósito,22,15,11,8,11,15,8,9,11,10,15,12,1,4,EIBAR,MC,9464,9460,9348,9556,9464,9465,9556,0.99,0.99,0.98,1.00,0.99,0.99
José Ángel,29,15,13,12,8,13,14,11,12,8,13,10,1,3,EIBAR,LI,9690,9719,9632,9695,9712,9594,9719,1.00,1.00,0.99,1.00,1.00,0.99
Anaitz Arbilla,32,12,14,10,9,10,12,11,13,10,12,13,1,3,EIBAR,LD,9405,9404,9457,9438,9425,9472,9472,0.99,0.99,1.00,1.00,1.00,1.00
Iago Aspas,31,14,13,7,16,14,16,5,6,13,16,8,1,27,CELTA,DL,10239,10274,9934,10061,9799,9869,10274,1.00,1.00,0.97,0.98,0.95,0.96
Rafinha,26,13,13,11,11,16,16,8,10,10,13,9,1,26,CELTA,ID,10530,10496,10351,10403,10512,10417,10530,1.00,1.00,0.98,0.99,1.00,0.99
Denis Suárez,25,13,12,11,12,15,15,7,9,7,13,6,1,23,CELTA,II,9681,9646,9473,9585,9684,9558,9684,1.00,1.00,0.98,0.99,1.00,0.99
Hugo Mallo,28,14,15,14,9,12,11,13,15,10,13,15,1,21,CELTA,LD,10552,10558,10609,10582,10549,10640,10640,0.99,0.99,1.00,0.99,0.99,1.00
Santi Mina,23,13,13,11,15,12,13,5,8,16,12,7,1,18,CELTA,DL,9623,9607,9533,9562,9721,9568,9721,0.99,0.99,0.98,0.98,1.00,0.98
Néstor Araujo,27,12,14,13,5,13,7,16,13,10,14,15,1,14,CELTA,DC,9466,9410,9423,9377,9272,9328,9466,1.00,0.99,1.00,0.99,0.98,0.99
Rubén Blanco,23,12,13,11,3,13,3,1,2,3,12,15,15,10,CELTA,PO,10237,10233,10225,10197,10189,10163,10237,1.00,1.00,1.00,1.00,1.00,0.99
Fran Beltrán,20,12,13,10,10,15,13,12,13,7,14,14,1,8,CELTA,MC,10058,9994,9969,9992,9991,9983,10058,1.00,0.99,0.99,0.99,0.99,0.99
Joseph Aidoo,23,14,13,15,4,11,5,14,15,14,15,13,1,6,CELTA,DC,9507,9549,9558,9612,9506,9625,9625,0.99,0.99,0.99,1.00,0.99,1.00
Lucas Olaza,24,14,13,10,12,16,13,14,14,12,12,11,1,3,CELTA,LI,10589,10505,10380,10427,10591,10505,10591,1.00,0.99,0.98,0.98,1.00,0.99
Stanislav Lobotka,24,12,13,7,7,16,16,12,11,8,16,12,1,18,CELTA,MC,9935,9864,9597,9809,9771,9683,9935,1.00,0.99,0.97,0.99,0.98,0.97
Roque Mesa,30,13,15,11,8,14,12,12,13,5,13,13,1,15,LEGANÉS,MC,9726,9739,9831,9806,9677,9727,9831,0.99,0.99,1.00,1.00,0.98,0.99
Kenneth Omeruo,25,15,14,15,7,12,11,15,17,13,11,13,1,7,LEGANÉS,DC,10149,10192,10156,10174,10260,10208,10260,0.99,0.99,0.99,0.99,1.00,0.99
Roberto Rosales,30,15,14,9,7,12,13,14,15,11,10,12,1,7,LEGANÉS,LD,9748,9732,9748,9765,9831,9855,9855,0.99,0.99,0.99,0.99,1.00,1.00
Javier Eraso,29,13,14,13,9,13,9,11,13,12,12,12,1,6,LEGANÉS,ID,10400,10455,10548,10441,10408,10573,10573,0.98,0.99,1.00,0.99,0.98,1.00
Recio,28,8,15,13,11,13,14,14,12,11,13,14,1,6,LEGANÉS,MC,10148,10120,10210,10053,10174,10215,10215,0.99,0.99,1.00,0.98,1.00,1.00
Jonathan Silva,25,14,14,12,9,13,12,12,14,12,12,11,1,5,LEGANÉS,LI,10057,10062,10028,10047,10133,10152,10152,0.99,0.99,0.99,0.99,1.00,1.00
Dimitris Siovas,30,13,14,15,8,13,13,13,14,14,13,14,1,5,LEGANÉS,DC,10308,10308,10224,10220,10355,10220,10355,1.00,1.00,0.99,0.99,1.00,0.99
Kévin Rodrigues,25,15,14,9,13,13,14,14,13,6,13,14,1,4,LEGANÉS,II,11176,11172,11315,11222,11125,11203,11315,0.99,0.99,1.00,0.99,0.98,0.99
Iván Cuéllar,35,12,11,11,2,12,12,1,3,8,11,13,13,3,LEGANÉS,PO,9133,9138,9104,9099,9096,9061,9138,1.00,1.00,1.00,1.00,1.00,0.99
Chidozie Awaziem,22,13,14,14,7,12,9,13,13,12,12,12,1,2,LEGANÉS,DC,9350,9374,9362,9344,9356,9330,9374,1.00,1.00,1.00,1.00,1.00,1.00
Martin Braithwaite,28,15,13,10,15,10,12,3,5,10,13,5,1,6,LEGANÉS,DL,8651,8944,8790,8946,8703,8726,8946,0.97,1.00,0.98,1.00,0.97,0.98
Lago Júnior,28,15,13,12,13,11,12,7,7,9,9,6,1,5,MALLORCA,II,9049,9097,9116,9199,9221,9183,9221,0.98,0.99,0.99,1.00,1.00,1.00
Iddrisu Baba,23,13,16,14,5,10,9,13,15,11,13,15,1,4,MALLORCA,PI,9033,9136,9240,9251,9080,9149,9251,0.98,0.99,1.00,1.00,0.98,0.99
Aleix Febas,23,14,12,9,10,13,14,8,12,7,11,10,1,3,MALLORCA,MP,8956,8975,8953,9076,8794,8825,9076,0.99,0.99,0.99,1.00,0.97,0.97
Martin Valjent,23,13,14,15,7,12,7,14,14,15,12,14,1,3,MALLORCA,DC,9774,9784,9810,9806,9792,9828,9828,0.99,1.00,1.00,1.00,1.00,1.00
Antonio Raíllo,27,12,14,14,7,11,7,13,13,14,15,13,1,3,MALLORCA,DC,9512,9531,9552,9555,9505,9535,9555,1.00,1.00,1.00,1.00,0.99,1.00
Ante Budimir,27,12,14,18,13,12,10,7,12,16,13,6,1,2,MALLORCA,DL,9814,9814,9898,9837,10197,10138,10197,0.96,0.96,0.97,0.96,1.00,0.99
Joan Sastre,22,14,13,9,8,11,12,11,12,7,10,10,1,1,MALLORCA,LD,8739,8760,8761,8777,8756,8687,8777,1.00,1.00,1.00,1.00,1.00,0.99
Dani Rodríguez,31,11,13,10,13,12,14,5,6,7,13,8,1,1,MALLORCA,ID,9143,9127,9081,9140,9121,9035,9143,1.00,1.00,0.99,1.00,1.00,0.99
Lumor Agbenyenu,22,15,13,9,7,11,12,10,13,8,9,10,1,1,MALLORCA,LI,8704,8747,8741,8763,8772,8695,8772,0.99,1.00,1.00,1.00,1.00,0.99
Salva Sevilla,35,11,10,10,9,15,12,7,6,7,15,7,1,1,MALLORCA,MC,8372,8447,8203,8398,8378,8238,8447,0.99,1.00,0.97,0.99,0.99,0.98
Manolo Reina,34,9,11,14,2,7,3,2,1,6,13,13,13,1,MALLORCA,PO,9025,9046,9194,9162,9167,9218,9218,0.98,0.98,1.00,0.99,0.99,1.00
David López,29,13,15,14,8,12,9,14,15,14,15,15,1,24,ESPANYOL,PI,9741,9802,9806,9870,9802,9830,9870,0.99,0.99,0.99,1.00,0.99,1.00
Marc Roca,22,13,15,12,9,16,10,12,13,11,15,14,1,22,ESPANYOL,MC,10468,10456,10480,10498,10443,10500,10500,1.00,1.00,1.00,1.00,0.99,1.00
Sergi Darder,25,12,13,12,7,16,11,14,15,10,13,14,1,22,ESPANYOL,II,11016,11019,11029,10876,10893,11037,11037,1.00,1.00,1.00,0.99,0.99,1.00
Leandro Cabrera,28,14,14,16,4,8,6,15,15,13,12,15,1,11,ESPANYOL,DC,9386,9472,9616,9605,9477,9626,9626,0.98,0.98,1.00,1.00,0.98,1.00
Raúl De Tomás,24,13,13,13,13,12,13,5,8,14,13,8,1,10,ESPANYOL,DL,9700,9652,9654,9645,9695,9695,9700,1.00,1.00,1.00,0.99,1.00,1.00
Jonathan Calleri,25,13,16,14,13,12,12,7,5,14,13,9,1,9,ESPANYOL,DL,10079,10003,10242,9997,10007,10061,10242,0.98,0.98,1.00,0.98,0.98,0.98
Dídac Vilà,30,14,14,13,7,12,12,13,13,12,14,14,1,9,ESPANYOL,LI,10329,10326,10340,10343,10366,10442,10442,0.99,0.99,0.99,0.99,0.99,1.00
Óscar Melendo,21,14,13,8,8,14,13,5,7,7,14,9,1,5,ESPANYOL,II,9303,9303,9207,9258,9257,9188,9303,1.00,1.00,0.99,1.00,1.00,0.99
Naldo,30,13,15,13,9,11,8,13,13,11,14,14,1,3,ESPANYOL,DC,9578,9605,9657,9611,9549,9534,9657,0.99,0.99,1.00,1.00,0.99,0.99
Javi López,33,12,13,11,8,13,11,12,13,7,11,14,1,1,ESPANYOL,LD,9448,9384,9371,9348,9333,9332,9448,1.00,0.99,0.99,0.99,0.99,0.99
Diego López,37,9,11,14,1,10,1,1,1,8,15,14,14,1,ESPANYOL,PO,9844,9839,9916,9891,9915,9928,9928,0.99,0.99,1.00,1.00,1.00,1.00